

CREATE DATABASE Project1DB;
USE Project1DB;

CREATE TABLE Category(
Code VARCHAR(255) PRIMARY KEY,
Name VARCHAR(255) UNIQUE NOT NULL
)

INSERT INTO Category (Code, Name) VALUES ('1000', 'Mobile');
INSERT INTO Category (Code, Name) VALUES ('1001', 'Desktop');
INSERT INTO Category (Code, Name) VALUES ('1002', 'Laptop');
INSERT INTO Category (Code, Name) VALUES ('1003', 'Motherboard');
INSERT INTO Category (Code, Name) VALUES ('1004', 'Keyboard');
INSERT INTO Category (Code, Name) VALUES ('1005', 'Soundbox');
INSERT INTO Category (Code, Name) VALUES ('1006', 'Monitor');

CREATE TABLE Product(
Code VARCHAR(255) PRIMARY KEY,
Name VARCHAR(255) UNIQUE NOT NULL,
Category VARCHAR(255) NOT NULL,
ReorderLevel INT NOT NULL,
Description TEXT
)

INSERT INTO Product (Code, Name, Category, ReorderLevel, Description) VALUES ('1000', 'Samsung Galaxy Y', 'Mobile', 100, 'Old is gold');
INSERT INTO Product (Code, Name, Category, ReorderLevel, Description) VALUES ('1001', 'Samsung Galaxy S', 'Mobile', 50, 'New is smart');
INSERT INTO Product (Code, Name, Category, ReorderLevel, Description) VALUES ('1002', 'iPhone 8', 'Mobile', 80, 'Elegant');
INSERT INTO Product (Code, Name, Category, ReorderLevel, Description) VALUES ('1003', 'Nokia 800 Tough', 'Mobile', 200, 'Daddy is back.');
INSERT INTO Product (Code, Name, Category, ReorderLevel, Description) VALUES ('1004', 'JBL Everest Elite 750NC', 'Headphone', 100, 'Take a sound adventure with us');
INSERT INTO Product (Code, Name, Category, ReorderLevel, Description) VALUES ('1005', 'Apple iMac 21.5" MMQA2', 'Desktop', 150, 'It''s Apple!');


CREATE TABLE Customer(
Code VARCHAR(255) PRIMARY KEY,
Name VARCHAR(255) NOT NULL,
Address VARCHAR(255),
Email VARCHAR(255) UNIQUE NOT NULL,
Contact VARCHAR(255) UNIQUE NOT NULL,
LoyalityPoint INT NOT NULL
)

INSERT INTO Customer(Code, Name, Address, Email, Contact, LoyalityPoint) VALUES ('1000', 'Kodu Mia', 'Mirpur 12', 'kuddu@yahoo.com', '01527558885', 25);
INSERT INTO Customer(Code, Name, Address, Email, Contact, LoyalityPoint) VALUES ('1001', 'Kuddus Mia', 'Mirpur 10', 'kuddusmia22@yahoo.com', '01527555555', 25);
INSERT INTO Customer(Code, Name, Address, Email, Contact, LoyalityPoint) VALUES ('1002', 'Sukkur Mia', 'Azimpur', 'sukkurMiaisBeauty@yahoo.com', '01527588555', 15);
INSERT INTO Customer(Code, Name, Address, Email, Contact, LoyalityPoint) VALUES ('1003', 'Ful Banu', 'Mirpur 11.5', 'flowerBanu@gmail.com', '01927555555', 29);
INSERT INTO Customer(Code, Name, Address, Email, Contact, LoyalityPoint) VALUES ('1004', 'Bilkiss', 'Azimpur', 'killbill@yahoo.com', '01520555555', 120);
INSERT INTO Customer(Code, Name, Address, Email, Contact, LoyalityPoint) VALUES ('1005', 'Jordan', 'Uttara', 'imjordan@gmail.com', '01527555999', 254);


CREATE TABLE Supplier(
Code VARCHAR(255) PRIMARY KEY,
Name VARCHAR(255) UNIQUE NOT NULL,
Address VARCHAR(255),
Email VARCHAR(255) UNIQUE NOT NULL,
Contact VARCHAR(255) UNIQUE NOT NULL,
ContactPerson VARCHAR(255)
)

INSERT INTO Supplier(Code, Name, Address, Email, Contact, ContactPerson) VALUES ('1001', 'OK Mobile Bangladesh Limited', 'Mirpur 10', 'kuddusmia22@yahoo.com', '01527555555', '01527578555');
INSERT INTO Supplier(Code, Name, Address, Email, Contact, ContactPerson) VALUES ('1002', 'Famous BD', 'Bonani', 'korim@yahoo.com', '01527478555', '01527008555');
INSERT INTO Supplier(Code, Name, Address, Email, Contact) VALUES ('1003', 'Nasrin TElecom', 'Dhanmondi', 'nasrimabcd@gmail.com', '01527478885');
INSERT INTO Supplier(Code, Name, Address, Email, Contact, ContactPerson) VALUES ('1004', 'Best Electronics', 'Mirpur 10', 'be@yahoo.com', '01527555874', '01527578545');
INSERT INTO Supplier(Code, Name, Address, Email, Contact, ContactPerson) VALUES ('1005', 'Samsung BD', 'Mirpur 10', 'samsam@gamil.com', '01527559999', '01527578999');


CREATE TABLE Sales(
	SalesCode INT IDENTITY(20190001,1),
	Date DATE NOT NULL,
	Customer VARCHAR(255) NOT NULL,
	Category VARCHAR(255) NOT NULL,
	Product VARCHAR(255) NOT NULL,
	Quantity NUMERIC(18,2) NOT NULL,
	CONSTRAINT PK_Sales PRIMARY KEY(SalesCode),
	CONSTRAINT FK_Customer FOREIGN KEY(Customer) REFERENCES Customer(Code),
	CONSTRAINT FK_Category FOREIGN KEY(Category) REFERENCES Category(Code),
	CONSTRAINT FK_Product FOREIGN KEY(Product) REFERENCES Product(Code)
)

INSERT INTO Sales(Date, Customer, Category, Product, Quantity) VALUES ('2018-02-03', '1000', '1001', '1005', '200');
INSERT INTO Sales(Date, Customer, Category, Product, Quantity) VALUES ('2018-12-09', '1000', '1003', '1004', '2');
INSERT INTO Sales(Date, Customer, Category, Product, Quantity) VALUES ('2018-08-03', '1003', '1000', '1002', '3');
INSERT INTO Sales(Date, Customer, Category, Product, Quantity) VALUES ('2018-07-13', '1004', '1000', '1003', '1');
INSERT INTO Sales(Date, Customer, Category, Product, Quantity) VALUES ('2018-07-23', '1001', '1003', '1004', '1');


CREATE TABLE Purchase(
	PurchaseCode INT IDENTITY(20190001,1),
	InvoiceNo VARCHAR(255) NOT NULL UNIQUE,
	Date DATE NOT NULL,
	Supplier VARCHAR(255) NOT NULL,
	Category VARCHAR(255) NOT NULL,
	Product VARCHAR(255) NOT NULL,
	ManufactureDate DATE,
	ExpireDate DATE,
	Quantity NUMERIC(18,2) NOT NULL,
	UnitPrice NUMERIC(18,2) NOT NULL,
	MRP NUMERIC(18,2) NOT NULL,
	Remarks TEXT,

	CONSTRAINT PK_Purchase PRIMARY KEY(PurchaseCode),
	CONSTRAINT FK_SupplierP FOREIGN KEY(Supplier) REFERENCES Supplier(Code),
	CONSTRAINT FK_CategoryP FOREIGN KEY(Category) REFERENCES Category(Code),
	CONSTRAINT FK_ProductP FOREIGN KEY(Product) REFERENCES Product(Code)
)

INSERT INTO Purchase(InvoiceNo, Date, Supplier, Category, Product, ManufactureDate, Quantity, UnitPrice, MRP, Remarks) VALUES ('2929cc', '2018-07-23', '1002', '1001', '1005', '2009-02-11', '250', '70000', '90000', 'Sell kom lav besi.');
INSERT INTO Purchase(InvoiceNo, Date, Supplier, Category, Product, ManufactureDate, ExpireDate, Quantity, UnitPrice, MRP, Remarks) VALUES ('29287pc', '2018-07-23', '1003', '1000', '1000', '2007-01-01', '2017-12-30','500', '7000', '9500', 'Sell besi lav kom.');
INSERT INTO Purchase(InvoiceNo, Date, Supplier, Category, Product, ManufactureDate, Quantity, UnitPrice, MRP, Remarks) VALUES ('77729cc', '2018-07-29', '1003', '1000', '1003', '2019-08-01', '550', '2000', '5000', 'Sell besi lav besi.');
INSERT INTO Purchase(InvoiceNo, Date, Supplier, Category, Product, ManufactureDate, Quantity, UnitPrice, MRP, Remarks) VALUES ('292589cy', '2018-07-23', '1004', '1003', '1004', '2005-07-21', '750', '500', '1000', 'Sell besi lav mondo na.');
INSERT INTO Purchase(InvoiceNo, Date, Supplier, Category, Product, ManufactureDate, Quantity, UnitPrice, MRP, Remarks) VALUES ('aa29cc', '2019-01-03', '1001', '1000', '1002', '2010-02-01', '1050', '25000', '45000', 'Sell kom lav valoi.');
INSERT INTO Purchase(InvoiceNo, Date, Supplier, Category, Product, ManufactureDate, Quantity, UnitPrice, MRP, Remarks) VALUES ('888829cc', '2018-07-23', '1002', '1001', '1005', '2009-02-11', '250', '70000', '90000', 'Sell kom lav besi.');
INSERT INTO Purchase(InvoiceNo, Date, Supplier, Category, Product, ManufactureDate, Quantity, UnitPrice, MRP, Remarks) VALUES ('2929dd', '2018-07-23', '1002', '1001', '1005', '2019-10-21', '250', '80000', '90000', 'Sell kom lav besi.');
SELECT * FROM Supplier;
SELECT * FROM Product;
SELECT * FROM Category;
select * from Purchase
DELETE FROM Purchase WHERE ManufactureDate='2019-10-21';
/*------------ Select queries -------*/
--Category--
SELECT Code, Name FROM Category;
select * from Sales
--Product--
SELECT Code, Name, Category, ReorderLevel AS 'Reorder Level', Description FROM Product;
--Customer--
SELECT Code, Name, Address, Email, Contact, LoyalityPoint AS 'Loyalty Point' FROM Customer;
--Supplier--
SELECT Code, Name, Address, Email, Contact, ContactPerson AS 'Contact Person' FROM Supplier;
--Purchase--
SELECT Product AS 'Products(Code)', ManufactureDate AS 'Manufactured Date', ExpireDate AS 'Expired Date', Quantity, UnitPrice AS 'Unit Price(Tk)', UnitPrice*Quantity AS 'Total Price(Tk)', MRP AS 'MRP(Tk)', Remarks FROM Purchase;
--Sales--


SELECT Product.Code As 'Code' , Product.Name As 'Name', Category.Name As 'Category' , Purchase.Quantity As 'Quantity',
Purchase.UnitPrice As 'CP' , Purchase.MRP As 'MRP', (Purchase.MRP-Purchase.UnitPrice) As 'Profit' FROM 
Category, Product, Purchase WHERE Purchase.Category=Category.Code AND Purchase.Product=Product.Code AND 
Purchase.Date BETWEEN '2018-07-23' AND '2018-07-29' ;

SELECT SUM(Purchase.Quantity) As 'Quantity'FROM Purchase GROUP BY Product;

SELECT Purchase.InvoiceNo As 'Code' , Product.Name As 'Name', Category.Name As 'Category',Purchase.UnitPrice As 'CP' ,
Purchase.MRP As 'MRP', (Purchase.MRP-Purchase.UnitPrice) As 'Profit', SUM(Purchase.Quantity) As 'Quantity'
FROM Category, Product, Purchase  
WHERE Purchase.Category=Category.Code AND Purchase.Product=Product.Code 
GROUP BY Purchase.InvoiceNo,Product.Name ,Category.Name,Purchase.UnitPrice,Purchase.MRP

SELECT  Purchase.InvoiceNo As 'Code' , Product.Name As 'name', Category.Name As 'Cname',Date,SUM(Purchase.MRP) As 'MRP', SUM(Quantity) As 'qun' ,SUM(Purchase.UnitPrice) As 'unitprice'
FROM Purchase, Product, Category 
WHERE Purchase.Category=Category.Code AND Purchase.Product=Product.Code
GROUP BY Purchase.InvoiceNo, Product.Name, Category.Name, Date, Purchase.MRP,Purchase.UnitPrice;

;

--true--
SELECT Product, Purchase.Category, SUM(MRP), SUM(UnitPrice), SUM(Quantity) FROM Purchase 
LEFT JOIN Product ON Purchase.Product=Product.Code
GROUP BY Product, Purchase.Category

--final---

SELECT Product.Name As 'Name', Category.Name As 'category',Date,SUM( MRP) As 'mrp',SUM( UnitPrice) As 'price',SUM( Quantity) As 'quantity', 
SUM( MRP-UnitPrice) AS 'Profit'
FROM Purchase 
LEFT JOIN Product ON Purchase.Product=Product.Code
LEFT JOIN Category ON Purchase.Category=Category.Code

GROUP BY Product.Name, Category.Name, Date;




--practis---
SELECT MIN(Purchase.InvoiceNo) As 'Code', Product.Name As 'Name', Category.Name As 'category',SUM( (MRP*Quantity)) As 'mrp',SUM( (UnitPrice*Quantity)) As 'price',SUM( Quantity) As 'quantity', 
SUM((MRP*Quantity)-(UnitPrice*Quantity)) AS 'Profit'
FROM Purchase 
LEFT JOIN Product ON Purchase.Product=Product.Code
LEFT JOIN Category ON Purchase.Category=Category.Code

GROUP BY Product.Name, Category.Name;


CREATE VIEW [Purchase Quantityt] AS
SELECT SUM(Quantity) AS Quantity
FROM Purchase
GROUP BY Product


CREATE VIEW [Purchase Report] AS
SELECT Product.Code As 'Code' , Product.Name As 'Name', Category.Name As 'Category' , Purchase.Quantity As 'Quantity',
Purchase.UnitPrice As 'CP' , Purchase.MRP As 'MRP',Purchase.Date As 'Date',(Purchase.MRP-Purchase.UnitPrice) As 'Profit' FROM 
Category, Product, Purchase WHERE Purchase.Category=Category.Code AND Purchase.Product=Product.Code;


DROP VIEW [Purchase Report];

SELECT * FROM [Purchase Report] UNION
SELECT * FROM [Purchase Quantityt]  ;


SELECT  DISTINCT Sales.SalesCode As 'Code' ,Sales.Product As 'productcode', Product.Name As 'Name', Category.Name As 'Category' , Sales.Quantity As 'Sold Quantity'
,Purchase.UnitPrice As 'CP',Sales.MRP As 'MRP',(Sales.MRP-Purchase.UnitPrice) As 'Profit' FROM Category, Product,
 Sales, Purchase WHERE Sales.Category=Category.Code AND Sales.Product=Product.Code AND Sales.Product=Purchase.Product ;
 
 
SELECT MIN(Sales.SalesCode) As 'Code', Product.Name As 'Name', Category.Name As 'category',SUM( (Sales.MRP*Sales.Quantity)) As 'Total MRP',
SUM( (Purchase.UnitPrice*Sales.Quantity)) As 'Total price',SUM(Sales.Quantity) As 'quantity', SUM((MRP*Sales.Quantity)-(Purchase.UnitPrice*Sales.Quantity)) AS 'Profit'
FROM Sales, Purchase
LEFT JOIN Product ON Sales.Product=Product.Code
LEFT JOIN Category ON Sales.Category=Category.Code

GROUP BY Product.Name, Category.Name;


/*
CREATE DATABASE Project1
USE Project1
CREATE TABLE Category(


Code INT IDENTITY(1000,1) PRIMARY KEY ,
Name VARCHAR(255) UNIQUE NOT NULL

)

SELECT * FROM Category
DROP TABLE Category

CREATE TABLE Product(

Code INT IDENTITY(1000,1) PRIMARY KEY NOT NULL,
Name VARCHAR(255) UNIQUE NOT NULL,
Category VARCHAR(255) NOT NULL,
ReorderLevel INT NOT NULL,
Description TEXT

)
SELECT * FROM Product

CREATE TABLE Customer(
Code INT IDENTITY(1000,1) PRIMARY KEY NOT NULL,
Name VARCHAR(255) NOT NULL,
Address VARCHAR(255) NOT NULL,
Email VARCHAR(255) UNIQUE NOT NULL,
Contact VARCHAR(11) UNIQUE NOT NULL,
LoyalityPoint INT
)
select * from Customer

CREATE TABLE Supplier(
Code INT IDENTITY(1000,1) PRIMARY KEY NOT NULL,
Name VARCHAR(255) NOT NULL,
Address VARCHAR(255) NOT NULL,
Email VARCHAR(255) UNIQUE NOT NULL,
Contact VARCHAR(11) UNIQUE NOT NULL,
ContactPerson VARCHAR(11) NOT NULL
)

select * from Supplier
*/